[{"inclusion":"undefined","window_localStorage":"1","href":"http://www.presidencia.gov.py","promiseId":"f46f28fcdaf8e897491eff1a87ef128015fca679","version":2,"VP":"HK","when":"2018-04-27T00:00:00.000Z","acquired":"2018-04-27T02:51:35.659Z","campaign":"gob.paraguay","id":"2fb5768b36838febfce8b8606f75c310ce388ab8"},{"inclusion":"www.google.com","Date_prototype_getTimezoneOffset":"1","screen_availWidth":"1","screen_width":"1","href":"http://www.presidencia.gov.py","promiseId":"f46f28fcdaf8e897491eff1a87ef128015fca679","version":2,"VP":"HK","when":"2018-04-27T00:00:00.000Z","acquired":"2018-04-27T02:51:35.659Z","campaign":"gob.paraguay","id":"2fb5768b36838febfce8b8606f75c310ce388ab8"},{"inclusion":"www.youtube.com","Date_prototype_getTimezoneOffset":"1","navigator_plugins":"6","navigator_userAgent":"5","screen_availWidth":"1","screen_colorDepth":"1","screen_width":"1","window_devicePixelRatio":"10","window_localStorage":"4","window_sessionStorage":"1","href":"http://www.presidencia.gov.py","promiseId":"f46f28fcdaf8e897491eff1a87ef128015fca679","version":2,"VP":"HK","when":"2018-04-27T00:00:00.000Z","acquired":"2018-04-27T02:51:35.659Z","campaign":"gob.paraguay","id":"2fb5768b36838febfce8b8606f75c310ce388ab8"},{"inclusion":"www.senado.gov.py","navigator_platform":"1","navigator_plugins":"1","navigator_userAgent":"3","href":"http://www.senado.gov.py","promiseId":"9141f23e0c23d271b9c5b4e08e54375ac6a0153e","version":2,"VP":"HK","when":"2018-04-27T00:00:00.000Z","acquired":"2018-04-27T01:03:53.215Z","campaign":"gob.paraguay","id":"dab547f6775ca53de83e8b67aeba429d8972b8da"},{"inclusion":"platform.twitter.com","navigator_userAgent":"2","screen_width":"1","window_devicePixelRatio":"206","href":"http://www.senado.gov.py","promiseId":"9141f23e0c23d271b9c5b4e08e54375ac6a0153e","version":2,"VP":"HK","when":"2018-04-27T00:00:00.000Z","acquired":"2018-04-27T01:03:53.215Z","campaign":"gob.paraguay","id":"dab547f6775ca53de83e8b67aeba429d8972b8da"},{"inclusion":"s10.histats.com","navigator_language":"1","navigator_userAgent":"1","screen_width":"1","href":"http://www.senado.gov.py","promiseId":"9141f23e0c23d271b9c5b4e08e54375ac6a0153e","version":2,"VP":"HK","when":"2018-04-27T00:00:00.000Z","acquired":"2018-04-27T01:03:53.215Z","campaign":"gob.paraguay","id":"dab547f6775ca53de83e8b67aeba429d8972b8da"},{"inclusion":"n-cdn.areyouahuman.com","Date_prototype_getTimezoneOffset":"1","navigator_userAgent":"9","screen_availWidth":"46","screen_width":"46","window_devicePixelRatio":"1","window_indexedDB":"1","window_localStorage":"2","window_sessionStorage":"2","href":"http://www.senado.gov.py","promiseId":"9141f23e0c23d271b9c5b4e08e54375ac6a0153e","version":2,"VP":"HK","when":"2018-04-27T00:00:00.000Z","acquired":"2018-04-27T01:03:53.215Z","campaign":"gob.paraguay","id":"dab547f6775ca53de83e8b67aeba429d8972b8da"},{"inclusion":"www.youtube.com","Date_prototype_getTimezoneOffset":"1","navigator_plugins":"6","navigator_userAgent":"4","screen_availWidth":"1","screen_colorDepth":"1","screen_width":"1","window_devicePixelRatio":"10","window_localStorage":"3","window_sessionStorage":"1","href":"http://www.mdn.gov.py","promiseId":"a6f94c114f7dadefee2a55b5a689a366a2531051","version":2,"VP":"HK","when":"2018-04-27T00:00:00.000Z","acquired":"2018-04-27T01:03:47.416Z","campaign":"gob.paraguay","id":"b20052ea52b4ce6bc186d8fbe10ee2930fe941b9"},{"inclusion":"undefined","window_localStorage":"1","href":"https://www.senatics.gov.py","promiseId":"bb4e6e745afa60c1f1540a69a9b7275a521eda23","version":2,"VP":"HK","when":"2018-04-27T00:00:00.000Z","acquired":"2018-04-27T01:03:45.670Z","campaign":"gob.paraguay","id":"7f3224ab028e2ffe6a91789bb48d352973658075"},{"inclusion":"www.youtube.com","Date_prototype_getTimezoneOffset":"1","navigator_plugins":"6","navigator_userAgent":"4","screen_availWidth":"1","screen_colorDepth":"1","screen_width":"1","window_devicePixelRatio":"10","window_localStorage":"3","window_sessionStorage":"1","href":"http://senad.gov.py","promiseId":"a15807de7e0dca5b54e4deaa9e9e348af3fef4b3","version":2,"VP":"HK","when":"2018-04-27T00:00:00.000Z","acquired":"2018-04-27T01:03:43.573Z","campaign":"gob.paraguay","id":"4b46a67dbecbabfddce020fb58e82911aeab2ee0"},{"inclusion":"undefined","window_localStorage":"1","href":"http://senad.gov.py","promiseId":"a15807de7e0dca5b54e4deaa9e9e348af3fef4b3","version":2,"VP":"HK","when":"2018-04-27T00:00:00.000Z","acquired":"2018-04-27T01:03:43.573Z","campaign":"gob.paraguay","id":"4b46a67dbecbabfddce020fb58e82911aeab2ee0"},{"inclusion":"www.google.com","Date_prototype_getTimezoneOffset":"1","screen_availWidth":"1","screen_width":"1","href":"http://senad.gov.py","promiseId":"a15807de7e0dca5b54e4deaa9e9e348af3fef4b3","version":2,"VP":"HK","when":"2018-04-27T00:00:00.000Z","acquired":"2018-04-27T01:03:43.573Z","campaign":"gob.paraguay","id":"4b46a67dbecbabfddce020fb58e82911aeab2ee0"},{"inclusion":"www.pj.gov.py","navigator_userAgent":"1","href":"http://www.pj.gov.py","promiseId":"e118f2cc0ed7c3405872ce762632442eb0849e8f","version":2,"VP":"HK","when":"2018-04-27T00:00:00.000Z","acquired":"2018-04-27T01:03:34.115Z","campaign":"gob.paraguay","id":"e128baa6d9a95b8a057868fc03a8453b42ef5010"},{"inclusion":"www.youtube.com","Date_prototype_getTimezoneOffset":"1","navigator_plugins":"6","navigator_userAgent":"4","screen_availWidth":"1","screen_colorDepth":"1","screen_width":"1","window_devicePixelRatio":"10","window_localStorage":"3","window_sessionStorage":"1","href":"http://www.mdn.gov.py","promiseId":"79c7128ad392f02da6018a13ad588cad5539e4dc","version":2,"VP":"HK","when":"2018-03-27T00:00:00.000Z","acquired":"2018-03-27T02:53:39.920Z","campaign":"gob.paraguay","id":"b8de3ff14f943f621d48beeba7854ea08d220b0a"},{"inclusion":"www.google.com","Date_prototype_getTimezoneOffset":"1","screen_availWidth":"1","screen_width":"1","href":"http://www.mdn.gov.py","promiseId":"79c7128ad392f02da6018a13ad588cad5539e4dc","version":2,"VP":"HK","when":"2018-03-27T00:00:00.000Z","acquired":"2018-03-27T02:53:39.920Z","campaign":"gob.paraguay","id":"b8de3ff14f943f621d48beeba7854ea08d220b0a"},{"inclusion":"undefined","window_localStorage":"1","href":"http://www.mdn.gov.py","promiseId":"79c7128ad392f02da6018a13ad588cad5539e4dc","version":2,"VP":"HK","when":"2018-03-27T00:00:00.000Z","acquired":"2018-03-27T02:53:39.920Z","campaign":"gob.paraguay","id":"b8de3ff14f943f621d48beeba7854ea08d220b0a"},{"inclusion":"www.facebook.com","navigator_userAgent":"4","window_devicePixelRatio":"2","window_localStorage":"1","window_sessionStorage":"1","href":"https://www.senatics.gov.py","promiseId":"3c34ed77913c78afe6eca2a96b2973cedb3781ad","version":2,"VP":"HK","when":"2018-03-27T00:00:00.000Z","acquired":"2018-03-27T02:53:39.070Z","campaign":"gob.paraguay","id":"9cc648d214796373e71a9451335d20ad96d28ee2"},{"inclusion":"undefined","window_localStorage":"1","href":"https://www.senatics.gov.py","promiseId":"3c34ed77913c78afe6eca2a96b2973cedb3781ad","version":2,"VP":"HK","when":"2018-03-27T00:00:00.000Z","acquired":"2018-03-27T02:53:39.070Z","campaign":"gob.paraguay","id":"9cc648d214796373e71a9451335d20ad96d28ee2"},{"inclusion":"www.youtube.com","Date_prototype_getTimezoneOffset":"1","navigator_plugins":"6","navigator_userAgent":"4","screen_availWidth":"1","screen_colorDepth":"1","screen_width":"1","window_devicePixelRatio":"10","window_localStorage":"3","window_sessionStorage":"1","href":"http://senad.gov.py","promiseId":"a1f76c5d6041c6c9e679efecb3dd40e9c27f69e4","version":2,"VP":"HK","when":"2018-03-27T00:00:00.000Z","acquired":"2018-03-27T02:53:35.730Z","campaign":"gob.paraguay","id":"1545e9fc9d800b9ee10c5759d48f2f29ec3ad6ee"},{"inclusion":"www.google.com","Date_prototype_getTimezoneOffset":"1","screen_availWidth":"1","screen_width":"1","href":"http://senad.gov.py","promiseId":"a1f76c5d6041c6c9e679efecb3dd40e9c27f69e4","version":2,"VP":"HK","when":"2018-03-27T00:00:00.000Z","acquired":"2018-03-27T02:53:35.730Z","campaign":"gob.paraguay","id":"1545e9fc9d800b9ee10c5759d48f2f29ec3ad6ee"},{"inclusion":"undefined","window_localStorage":"1","href":"http://senad.gov.py","promiseId":"a1f76c5d6041c6c9e679efecb3dd40e9c27f69e4","version":2,"VP":"HK","when":"2018-03-27T00:00:00.000Z","acquired":"2018-03-27T02:53:35.730Z","campaign":"gob.paraguay","id":"1545e9fc9d800b9ee10c5759d48f2f29ec3ad6ee"},{"inclusion":"www.pj.gov.py","navigator_userAgent":"1","href":"http://www.pj.gov.py","promiseId":"78b7ae61fc4b2817c4f55c0eb292b26bebe1a7a4","version":2,"VP":"HK","when":"2018-03-27T00:00:00.000Z","acquired":"2018-03-27T02:53:31.024Z","campaign":"gob.paraguay","id":"dc2773482e2e1ad941b3346c700738cbfabf83f2"},{"inclusion":"platform.twitter.com","navigator_userAgent":"2","screen_width":"1","window_devicePixelRatio":"158","href":"http://www.senado.gov.py","promiseId":"04bbd6403fc1e77f8e545047a9519fd42c3e72a6","version":2,"VP":"HK","when":"2018-03-27T00:00:00.000Z","acquired":"2018-03-27T02:53:19.529Z","campaign":"gob.paraguay","id":"98aeed820d8c62cc7ef5868912acec51b8dbaa21"},{"inclusion":"n-cdn.areyouahuman.com","navigator_userAgent":"7","screen_availWidth":"2","screen_width":"2","window_devicePixelRatio":"1","window_indexedDB":"1","window_localStorage":"2","window_sessionStorage":"2","href":"http://www.senado.gov.py","promiseId":"04bbd6403fc1e77f8e545047a9519fd42c3e72a6","version":2,"VP":"HK","when":"2018-03-27T00:00:00.000Z","acquired":"2018-03-27T02:53:19.529Z","campaign":"gob.paraguay","id":"98aeed820d8c62cc7ef5868912acec51b8dbaa21"},{"inclusion":"undefined","window_localStorage":"1","href":"http://www.presidencia.gov.py","promiseId":"9dfaa61603d56f58bc282d9567741100eaae0cfd","version":2,"VP":"HK","when":"2018-03-27T00:00:00.000Z","acquired":"2018-03-27T01:03:34.021Z","campaign":"gob.paraguay","id":"3b903c3fd5211316fd718986170e03067a8aeaa3"},{"inclusion":"www.google.com","Date_prototype_getTimezoneOffset":"1","screen_availWidth":"1","screen_width":"1","href":"http://www.presidencia.gov.py","promiseId":"9dfaa61603d56f58bc282d9567741100eaae0cfd","version":2,"VP":"HK","when":"2018-03-27T00:00:00.000Z","acquired":"2018-03-27T01:03:34.021Z","campaign":"gob.paraguay","id":"3b903c3fd5211316fd718986170e03067a8aeaa3"},{"inclusion":"www.youtube.com","Date_prototype_getTimezoneOffset":"1","navigator_plugins":"6","navigator_userAgent":"4","screen_availWidth":"1","screen_colorDepth":"1","screen_width":"1","window_devicePixelRatio":"10","window_localStorage":"3","window_sessionStorage":"1","href":"http://www.presidencia.gov.py","promiseId":"9dfaa61603d56f58bc282d9567741100eaae0cfd","version":2,"VP":"HK","when":"2018-03-27T00:00:00.000Z","acquired":"2018-03-27T01:03:34.021Z","campaign":"gob.paraguay","id":"3b903c3fd5211316fd718986170e03067a8aeaa3"}]