[{"inclusion":"www.youtube.com","Date_prototype_getTimezoneOffset":"1","navigator_plugins":"6","navigator_userAgent":"2","screen_availWidth":"1","screen_colorDepth":"1","screen_width":"1","window_devicePixelRatio":"8","window_localStorage":"3","window_sessionStorage":"1","href":"http://www.beneficenciaespanola.com.mx/","promiseId":"2faf8e529c5982671c82a564aec56dd3a73e9522","version":2,"VP":"HK","when":"2018-04-27T00:00:00.000Z","acquired":"2018-04-27T02:57:42.424Z","campaign":"clinics-MX","id":"9f630eece0f93ba1f020697e7d700227c672e09f"},{"inclusion":"www.google.com","Date_prototype_getTimezoneOffset":"1","screen_availWidth":"1","screen_width":"1","href":"http://www.beneficenciaespanola.com.mx/","promiseId":"2faf8e529c5982671c82a564aec56dd3a73e9522","version":2,"VP":"HK","when":"2018-04-27T00:00:00.000Z","acquired":"2018-04-27T02:57:42.424Z","campaign":"clinics-MX","id":"9f630eece0f93ba1f020697e7d700227c672e09f"},{"inclusion":"undefined","window_localStorage":"1","href":"http://www.beneficenciaespanola.com.mx/","promiseId":"2faf8e529c5982671c82a564aec56dd3a73e9522","version":2,"VP":"HK","when":"2018-04-27T00:00:00.000Z","acquired":"2018-04-27T02:57:42.424Z","campaign":"clinics-MX","id":"9f630eece0f93ba1f020697e7d700227c672e09f"},{"inclusion":"www.gstatic.com","navigator_userAgent":"1","href":"http://www.abchospital.com/","promiseId":"1e3fbf01ef8463a28636265433ed4afdbdb823f9","version":2,"VP":"HK","when":"2018-04-27T00:00:00.000Z","acquired":"2018-04-27T02:57:39.743Z","campaign":"clinics-MX","id":"16fe5266019361eb5748328b9a1ba27b5148d8fa"},{"inclusion":"www.google-analytics.com","navigator_language":"1","navigator_plugins":"1","navigator_userAgent":"3","screen_colorDepth":"1","screen_width":"1","href":"http://www.abchospital.com/","promiseId":"1e3fbf01ef8463a28636265433ed4afdbdb823f9","version":2,"VP":"HK","when":"2018-04-27T00:00:00.000Z","acquired":"2018-04-27T02:57:39.743Z","campaign":"clinics-MX","id":"16fe5266019361eb5748328b9a1ba27b5148d8fa"},{"inclusion":"www.abchospital.com","navigator_platform":"2","navigator_userAgent":"99","window_indexedDB":"1","window_localStorage":"2","window_openDatabase":"1","window_sessionStorage":"2","href":"http://www.abchospital.com/","promiseId":"1e3fbf01ef8463a28636265433ed4afdbdb823f9","version":2,"VP":"HK","when":"2018-04-27T00:00:00.000Z","acquired":"2018-04-27T02:57:39.743Z","campaign":"clinics-MX","id":"16fe5266019361eb5748328b9a1ba27b5148d8fa"},{"inclusion":"js-agent.newrelic.com","navigator_userAgent":"1","href":"http://www.abchospital.com/","promiseId":"1e3fbf01ef8463a28636265433ed4afdbdb823f9","version":2,"VP":"HK","when":"2018-04-27T00:00:00.000Z","acquired":"2018-04-27T02:57:39.743Z","campaign":"clinics-MX","id":"16fe5266019361eb5748328b9a1ba27b5148d8fa"},{"inclusion":"connect.facebook.net","screen_width":"2","href":"http://www.abchospital.com/","promiseId":"1e3fbf01ef8463a28636265433ed4afdbdb823f9","version":2,"VP":"HK","when":"2018-04-27T00:00:00.000Z","acquired":"2018-04-27T02:57:39.743Z","campaign":"clinics-MX","id":"16fe5266019361eb5748328b9a1ba27b5148d8fa"},{"inclusion":"www.salutaris.mx","navigator_userAgent":"1","href":"http://www.salutaris.com.mx/","promiseId":"3a39a80dc3f863e85d66da84c4d8ba6a68610065","version":2,"VP":"HK","when":"2018-04-27T00:00:00.000Z","acquired":"2018-04-27T02:57:29.351Z","campaign":"clinics-MX","id":"08b4b60d427b90d054ba54ea22c260b45474fb16"},{"inclusion":"www.snapengage.com","navigator_plugins":"4","navigator_userAgent":"7","href":"http://www.salutaris.com.mx/","promiseId":"3a39a80dc3f863e85d66da84c4d8ba6a68610065","version":2,"VP":"HK","when":"2018-04-27T00:00:00.000Z","acquired":"2018-04-27T02:57:29.351Z","campaign":"clinics-MX","id":"08b4b60d427b90d054ba54ea22c260b45474fb16"},{"inclusion":"www.google-analytics.com","navigator_language":"1","navigator_plugins":"1","navigator_userAgent":"3","screen_colorDepth":"1","screen_width":"1","href":"http://www.salutaris.com.mx/","promiseId":"3a39a80dc3f863e85d66da84c4d8ba6a68610065","version":2,"VP":"HK","when":"2018-04-27T00:00:00.000Z","acquired":"2018-04-27T02:57:29.351Z","campaign":"clinics-MX","id":"08b4b60d427b90d054ba54ea22c260b45474fb16"},{"inclusion":"s.swiftypecdn.com","navigator_userAgent":"3","href":"http://www.salutaris.com.mx/","promiseId":"3a39a80dc3f863e85d66da84c4d8ba6a68610065","version":2,"VP":"HK","when":"2018-04-27T00:00:00.000Z","acquired":"2018-04-27T02:57:29.351Z","campaign":"clinics-MX","id":"08b4b60d427b90d054ba54ea22c260b45474fb16"},{"inclusion":"www.google-analytics.com","navigator_language":"1","navigator_plugins":"1","navigator_userAgent":"3","screen_colorDepth":"1","screen_width":"1","href":"http://www.hospitalvelmar.com","promiseId":"c24cc349a29ad373075b1bcf1463aeefde4f1c61","version":2,"VP":"HK","when":"2018-04-27T00:00:00.000Z","acquired":"2018-04-27T02:57:24.516Z","campaign":"clinics-MX","id":"6b192f941dfa09557ece6160c2be421453bdd8e2"},{"inclusion":"maps.google.com","navigator_userAgent":"5","href":"http://www.hospitalvelmar.com","promiseId":"c24cc349a29ad373075b1bcf1463aeefde4f1c61","version":2,"VP":"HK","when":"2018-04-27T00:00:00.000Z","acquired":"2018-04-27T02:57:24.516Z","campaign":"clinics-MX","id":"6b192f941dfa09557ece6160c2be421453bdd8e2"},{"inclusion":"undefined","window_localStorage":"1","href":"http://www.hgm.salud.gob.mx/","promiseId":"3bdb9b432481f0fa1280a3c62d1cad87ca2c2b75","version":2,"VP":"WS","when":"2018-04-27T00:00:00.000Z","acquired":"2018-04-27T01:10:55.637Z","campaign":"clinics-MX","id":"dd162e0387c5fab2b2115674fd65032aa47567b9"},{"inclusion":"www.google.com","Date_prototype_getTimezoneOffset":"1","screen_availWidth":"1","screen_width":"1","href":"http://www.hgm.salud.gob.mx/","promiseId":"3bdb9b432481f0fa1280a3c62d1cad87ca2c2b75","version":2,"VP":"WS","when":"2018-04-27T00:00:00.000Z","acquired":"2018-04-27T01:10:55.637Z","campaign":"clinics-MX","id":"dd162e0387c5fab2b2115674fd65032aa47567b9"},{"inclusion":"www.youtube.com","Date_prototype_getTimezoneOffset":"1","navigator_plugins":"6","navigator_userAgent":"4","screen_availWidth":"1","screen_colorDepth":"1","screen_width":"1","window_devicePixelRatio":"8","window_localStorage":"3","window_sessionStorage":"1","href":"http://www.hgm.salud.gob.mx/","promiseId":"3bdb9b432481f0fa1280a3c62d1cad87ca2c2b75","version":2,"VP":"WS","when":"2018-04-27T00:00:00.000Z","acquired":"2018-04-27T01:10:55.637Z","campaign":"clinics-MX","id":"dd162e0387c5fab2b2115674fd65032aa47567b9"},{"inclusion":"www.hsj.com.mx","navigator_userAgent":"1","screen_availWidth":"10","window_indexedDB":"1","window_localStorage":"2","window_openDatabase":"1","window_sessionStorage":"2","href":"http://www.hsj.com.mx/","promiseId":"6a3ec1e8d9c485688dbb5acdc870af506cbc64d5","version":2,"VP":"HK","when":"2018-04-27T00:00:00.000Z","acquired":"2018-04-27T01:09:30.820Z","campaign":"clinics-MX","id":"2d52e50cd2cfadc725d8737c77e8ea74a62a5461"},{"inclusion":"www.google-analytics.com","navigator_language":"1","navigator_plugins":"1","navigator_userAgent":"3","screen_colorDepth":"1","screen_width":"1","href":"http://www.hsj.com.mx/","promiseId":"6a3ec1e8d9c485688dbb5acdc870af506cbc64d5","version":2,"VP":"HK","when":"2018-04-27T00:00:00.000Z","acquired":"2018-04-27T01:09:30.820Z","campaign":"clinics-MX","id":"2d52e50cd2cfadc725d8737c77e8ea74a62a5461"},{"inclusion":"www.googleadservices.com","navigator_userAgent":"1","href":"http://www.hsj.com.mx/","promiseId":"6a3ec1e8d9c485688dbb5acdc870af506cbc64d5","version":2,"VP":"HK","when":"2018-04-27T00:00:00.000Z","acquired":"2018-04-27T01:09:30.820Z","campaign":"clinics-MX","id":"2d52e50cd2cfadc725d8737c77e8ea74a62a5461"},{"inclusion":"www.google-analytics.com","navigator_language":"1","navigator_plugins":"1","navigator_userAgent":"3","screen_colorDepth":"1","screen_width":"1","href":"http://www.hospitalgalenia.com/","promiseId":"68ddd7cae020ad2bef973b04b2e9e7bab5ac664c","version":2,"VP":"HK","when":"2018-04-27T00:00:00.000Z","acquired":"2018-04-27T01:09:29.416Z","campaign":"clinics-MX","id":"0483e779d68342a00fe4d2f1ebddfb5e1ac0ec64"},{"inclusion":"hospitalgalenia.com","navigator_platform":"1","navigator_userAgent":"66","window_devicePixelRatio":"1","href":"http://www.hospitalgalenia.com/","promiseId":"68ddd7cae020ad2bef973b04b2e9e7bab5ac664c","version":2,"VP":"HK","when":"2018-04-27T00:00:00.000Z","acquired":"2018-04-27T01:09:29.416Z","campaign":"clinics-MX","id":"0483e779d68342a00fe4d2f1ebddfb5e1ac0ec64"},{"inclusion":"platform.twitter.com","window_localStorage":"6","href":"http://www.medicasur.com.mx/","promiseId":"d43b02cd5c1dbae0ecc2e4aa49aab014c0763274","version":2,"VP":"HK","when":"2018-04-27T00:00:00.000Z","acquired":"2018-04-27T01:09:25.942Z","campaign":"clinics-MX","id":"070a3c82588c29813167f80814aa908fe92ad8be"},{"inclusion":"undefined","window_localStorage":"7","href":"http://www.medicasur.com.mx/","promiseId":"d43b02cd5c1dbae0ecc2e4aa49aab014c0763274","version":2,"VP":"HK","when":"2018-04-27T00:00:00.000Z","acquired":"2018-04-27T01:09:25.942Z","campaign":"clinics-MX","id":"070a3c82588c29813167f80814aa908fe92ad8be"}]