[{"inclusion":"undefined","window_localStorage":"1","href":"https://resultados.fleury.com.br/Cliente/Default.aspx","promiseId":"388b2367460692ec3d2b2235530346f3fe5cbd9b","version":2,"VP":"HK","when":"2018-04-27T00:00:00.000Z","acquired":"2018-04-27T02:57:34.068Z","campaign":"clinics-BR","id":"f759ad62f3db8cdb18990b2aaaf67f70a1216fe6"},{"inclusion":"www.gstatic.com","navigator_platform":"2","navigator_userAgent":"3","href":"https://www.einstein.br/exames","promiseId":"c2d364218e572c164a362377d3f3375f417a77a6","version":2,"VP":"HK","when":"2018-04-27T00:00:00.000Z","acquired":"2018-04-27T01:13:38.549Z","campaign":"clinics-BR","id":"41fa287f1eec776fc5566e0be542e5cc941a2cc3"},{"inclusion":"www.google-analytics.com","navigator_language":"6","navigator_plugins":"6","navigator_userAgent":"4","screen_colorDepth":"6","screen_width":"6","href":"https://www.einstein.br/exames","promiseId":"c2d364218e572c164a362377d3f3375f417a77a6","version":2,"VP":"HK","when":"2018-04-27T00:00:00.000Z","acquired":"2018-04-27T01:13:38.549Z","campaign":"clinics-BR","id":"41fa287f1eec776fc5566e0be542e5cc941a2cc3"},{"inclusion":"www.einstein.br","navigator_platform":"1","navigator_userAgent":"6","window_localStorage":"5","window_sessionStorage":"5","href":"https://www.einstein.br/exames","promiseId":"c2d364218e572c164a362377d3f3375f417a77a6","version":2,"VP":"HK","when":"2018-04-27T00:00:00.000Z","acquired":"2018-04-27T01:13:38.549Z","campaign":"clinics-BR","id":"41fa287f1eec776fc5566e0be542e5cc941a2cc3"},{"inclusion":"undefined","navigator_userAgent":"1","href":"https://www.einstein.br/exames","promiseId":"c2d364218e572c164a362377d3f3375f417a77a6","version":2,"VP":"HK","when":"2018-04-27T00:00:00.000Z","acquired":"2018-04-27T01:13:38.549Z","campaign":"clinics-BR","id":"41fa287f1eec776fc5566e0be542e5cc941a2cc3"},{"inclusion":"script.hotjar.com","Date_prototype_getTimezoneOffset":"1","navigator_cpuClass":"1","navigator_doNotTrack":"2","navigator_language":"2","navigator_languages":"2","navigator_maxTouchPoints":"1","navigator_platform":"3","navigator_plugins":"7","navigator_userAgent":"12","screen_availWidth":"1","screen_colorDepth":"1","screen_width":"1","window_indexedDB":"1","window_localStorage":"3","window_openDatabase":"1","window_sessionStorage":"6","href":"https://www.einstein.br/exames","promiseId":"c2d364218e572c164a362377d3f3375f417a77a6","version":2,"VP":"HK","when":"2018-04-27T00:00:00.000Z","acquired":"2018-04-27T01:13:38.549Z","campaign":"clinics-BR","id":"41fa287f1eec776fc5566e0be542e5cc941a2cc3"},{"inclusion":"www.sluzia.com.br","navigator_userAgent":"5","href":"https://www.sluzia.com.br/orientacao-de-exames/","promiseId":"ee3b5e3f8f5fbb36d9274b2ef9f5dae31c30e236","version":2,"VP":"HK","when":"2018-04-27T00:00:00.000Z","acquired":"2018-04-27T01:13:28.814Z","campaign":"clinics-BR","id":"02f154970824778e3090a0a5c6f8c1fe575c1230"},{"inclusion":"www.google-analytics.com","navigator_language":"1","navigator_plugins":"1","navigator_userAgent":"3","screen_colorDepth":"1","screen_width":"1","href":"https://www.sluzia.com.br/orientacao-de-exames/","promiseId":"ee3b5e3f8f5fbb36d9274b2ef9f5dae31c30e236","version":2,"VP":"HK","when":"2018-04-27T00:00:00.000Z","acquired":"2018-04-27T01:13:28.814Z","campaign":"clinics-BR","id":"02f154970824778e3090a0a5c6f8c1fe575c1230"},{"inclusion":"maps.googleapis.com","navigator_userAgent":"5","href":"https://www.sluzia.com.br/orientacao-de-exames/","promiseId":"ee3b5e3f8f5fbb36d9274b2ef9f5dae31c30e236","version":2,"VP":"HK","when":"2018-04-27T00:00:00.000Z","acquired":"2018-04-27T01:13:28.814Z","campaign":"clinics-BR","id":"02f154970824778e3090a0a5c6f8c1fe575c1230"},{"inclusion":"undefined","window_localStorage":"1","href":"http://carloschagas.com.br/","promiseId":"2f8b3b809f554fc645c318b2a99f6078930f69d5","version":2,"VP":"HK","when":"2018-04-27T00:00:00.000Z","acquired":"2018-04-27T01:13:27.186Z","campaign":"clinics-BR","id":"be353b8c7c10b9d52412138e40b28ea6b7d01003"},{"inclusion":"static.parastorage.com","navigator_userAgent":"1","href":"http://carloschagas.com.br/","promiseId":"2f8b3b809f554fc645c318b2a99f6078930f69d5","version":2,"VP":"HK","when":"2018-04-27T00:00:00.000Z","acquired":"2018-04-27T01:13:27.186Z","campaign":"clinics-BR","id":"be353b8c7c10b9d52412138e40b28ea6b7d01003"},{"inclusion":"js-agent.newrelic.com","navigator_userAgent":"1","href":"http://carloschagas.com.br/","promiseId":"2f8b3b809f554fc645c318b2a99f6078930f69d5","version":2,"VP":"HK","when":"2018-04-27T00:00:00.000Z","acquired":"2018-04-27T01:13:27.186Z","campaign":"clinics-BR","id":"be353b8c7c10b9d52412138e40b28ea6b7d01003"},{"inclusion":"instafeed.codev.wixapps.net","navigator_platform":"1","navigator_userAgent":"11","window_localStorage":"3","href":"http://carloschagas.com.br/","promiseId":"2f8b3b809f554fc645c318b2a99f6078930f69d5","version":2,"VP":"HK","when":"2018-04-27T00:00:00.000Z","acquired":"2018-04-27T01:13:27.186Z","campaign":"clinics-BR","id":"be353b8c7c10b9d52412138e40b28ea6b7d01003"},{"inclusion":"code.jquery.com","navigator_userAgent":"1","href":"http://carloschagas.com.br/","promiseId":"2f8b3b809f554fc645c318b2a99f6078930f69d5","version":2,"VP":"HK","when":"2018-04-27T00:00:00.000Z","acquired":"2018-04-27T01:13:27.186Z","campaign":"clinics-BR","id":"be353b8c7c10b9d52412138e40b28ea6b7d01003"},{"inclusion":"clinicafares.com.br","navigator_platform":"1","navigator_userAgent":"37","window_devicePixelRatio":"1","href":"http://clinicafares.com.br/","promiseId":"c79b5ce0a452eeae82df6b1590694b27950b8dc9","version":2,"VP":"HK","when":"2018-04-27T00:00:00.000Z","acquired":"2018-04-27T01:11:35.759Z","campaign":"clinics-BR","id":"1a221d076af9778e6d6fffd8fa98259d67398761"},{"inclusion":"connect.facebook.net","screen_width":"4","href":"http://clinicafares.com.br/","promiseId":"c79b5ce0a452eeae82df6b1590694b27950b8dc9","version":2,"VP":"HK","when":"2018-04-27T00:00:00.000Z","acquired":"2018-04-27T01:11:35.759Z","campaign":"clinics-BR","id":"1a221d076af9778e6d6fffd8fa98259d67398761"},{"inclusion":"www.google-analytics.com","navigator_language":"1","navigator_plugins":"1","navigator_userAgent":"3","screen_colorDepth":"1","screen_width":"1","href":"http://www.delboniauriemo.com.br/exame/menu-de-exames","promiseId":"343ef72684ab99857ae1b85bb617fee0f3885afe","version":2,"VP":"HK","when":"2018-04-27T00:00:00.000Z","acquired":"2018-04-27T01:11:35.737Z","campaign":"clinics-BR","id":"7440d9a2151447622f61491db1983b913446d10c"},{"inclusion":"www.delboniauriemo.com.br","navigator_language":"1","navigator_plugins":"1","navigator_userAgent":"8","window_indexedDB":"1","window_localStorage":"2","window_openDatabase":"1","window_sessionStorage":"2","href":"http://www.delboniauriemo.com.br/exame/menu-de-exames","promiseId":"343ef72684ab99857ae1b85bb617fee0f3885afe","version":2,"VP":"HK","when":"2018-04-27T00:00:00.000Z","acquired":"2018-04-27T01:11:35.737Z","campaign":"clinics-BR","id":"7440d9a2151447622f61491db1983b913446d10c"},{"inclusion":"s.ytimg.com","navigator_userAgent":"1","href":"http://www.delboniauriemo.com.br/exame/menu-de-exames","promiseId":"343ef72684ab99857ae1b85bb617fee0f3885afe","version":2,"VP":"HK","when":"2018-04-27T00:00:00.000Z","acquired":"2018-04-27T01:11:35.737Z","campaign":"clinics-BR","id":"7440d9a2151447622f61491db1983b913446d10c"},{"inclusion":"www.fleming-lab.com.br","navigator_userAgent":"4","window_indexedDB":"1","window_localStorage":"2","window_openDatabase":"1","window_sessionStorage":"2","href":"http://www.fleming-lab.com.br/atendimento/informacoes-sobre-exames#pagina=Lista-de-exames","promiseId":"c9ea96de6087f6986d2cfca0d32d8aa4f37e5c9d","version":2,"VP":"HK","when":"2018-04-27T00:00:00.000Z","acquired":"2018-04-27T01:11:35.705Z","campaign":"clinics-BR","id":"a7e08ddebf8f09df9d59c800adac48f5cda09c59"},{"inclusion":"connect.facebook.net","navigator_userAgent":"3","href":"http://www.fleming-lab.com.br/atendimento/informacoes-sobre-exames#pagina=Lista-de-exames","promiseId":"c9ea96de6087f6986d2cfca0d32d8aa4f37e5c9d","version":2,"VP":"HK","when":"2018-04-27T00:00:00.000Z","acquired":"2018-04-27T01:11:35.705Z","campaign":"clinics-BR","id":"a7e08ddebf8f09df9d59c800adac48f5cda09c59"},{"inclusion":"browser-update.org","navigator_languages":"2","navigator_userAgent":"1","href":"http://www.hc.fm.usp.br/index.php?option=com_content&view=article&id=224&Itemid=267","promiseId":"1ad68a645f8a7970273829e77111997473d06d60","version":2,"VP":"HK","when":"2018-04-27T00:00:00.000Z","acquired":"2018-04-27T01:11:34.839Z","campaign":"clinics-BR","id":"dcc272f14da489646d2b42f56392e00524724636"},{"inclusion":"www.hc.fm.usp.br","navigator_platform":"1","navigator_plugins":"1","navigator_userAgent":"1","href":"http://www.hc.fm.usp.br/index.php?option=com_content&view=article&id=224&Itemid=267","promiseId":"1ad68a645f8a7970273829e77111997473d06d60","version":2,"VP":"HK","when":"2018-04-27T00:00:00.000Z","acquired":"2018-04-27T01:11:34.839Z","campaign":"clinics-BR","id":"dcc272f14da489646d2b42f56392e00524724636"},{"inclusion":"undefined","window_localStorage":"1","href":"http://www.lavoisier.com.br/voce/exames/pre-agende-seu-exame","promiseId":"e88291aaad4c65d97d67355ebc38963bbdbbaede","version":2,"VP":"HK","when":"2018-04-27T00:00:00.000Z","acquired":"2018-04-27T01:11:34.258Z","campaign":"clinics-BR","id":"57f0d7be9ea6acdea632443d7d452822205f48d6"},{"inclusion":"www.redesip.com.br","navigator_userAgent":"1","href":"http://www.cedap.com.br/","promiseId":"bfba26f93ce67caba8996f3c2263242aa298a6be","version":2,"VP":"HK","when":"2018-04-27T00:00:00.000Z","acquired":"2018-04-27T01:11:33.581Z","campaign":"clinics-BR","id":"1d32fcbce9f6aa0df9631c426bacedc61f65a28c"},{"inclusion":"www.google-analytics.com","navigator_language":"1","navigator_platform":"1","navigator_plugins":"1","navigator_userAgent":"11","screen_colorDepth":"1","screen_width":"1","href":"http://www.cedap.com.br/","promiseId":"bfba26f93ce67caba8996f3c2263242aa298a6be","version":2,"VP":"HK","when":"2018-04-27T00:00:00.000Z","acquired":"2018-04-27T01:11:33.581Z","campaign":"clinics-BR","id":"1d32fcbce9f6aa0df9631c426bacedc61f65a28c"}]