[{"inclusion":"esic.cgu.gov.br","navigator_userAgent":"5","window_localStorage":"2","href":"https://esic.cgu.gov.br/","promiseId":"68eac6f291f757384f069049797d27db78469767","version":2,"VP":"HK","when":"2018-04-27T00:00:00.000Z","acquired":"2018-04-27T03:09:22.234Z","campaign":"gob.brasil","id":"4893a6aa1eb36ac4ac33fda8ca0e9ede4a3a0e8b"},{"inclusion":"cloud.tinymce.com","Date_prototype_getTimezoneOffset":"1","navigator_cpuClass":"1","navigator_doNotTrack":"1","navigator_hardwareConcurrency":"2","navigator_language":"2","navigator_languages":"2","navigator_maxTouchPoints":"3","navigator_platform":"3","navigator_plugins":"4","navigator_userAgent":"7","screen_availWidth":"4","screen_colorDepth":"1","screen_width":"3","window_CanvasRenderingContext2D_prototype_rect":"2","window_WebGLRenderingContext_prototype_createBuffer":"1","window_devicePixelRatio":"1","window_indexedDB":"1","window_localStorage":"2","window_openDatabase":"1","window_sessionStorage":"1","href":"https://esic.cgu.gov.br/","promiseId":"68eac6f291f757384f069049797d27db78469767","version":2,"VP":"HK","when":"2018-04-27T00:00:00.000Z","acquired":"2018-04-27T03:09:22.234Z","campaign":"gob.brasil","id":"4893a6aa1eb36ac4ac33fda8ca0e9ede4a3a0e8b"},{"inclusion":"www.youtube.com","Date_prototype_getTimezoneOffset":"1","navigator_plugins":"6","navigator_userAgent":"5","screen_availWidth":"1","screen_colorDepth":"1","screen_width":"1","window_devicePixelRatio":"10","window_localStorage":"4","window_sessionStorage":"1","href":"http://www.rj.gov.br/","promiseId":"0968de14eeafd1fb628ddb5e75b67c34d4dcda6a","version":2,"VP":"HK","when":"2018-04-27T00:00:00.000Z","acquired":"2018-04-27T03:07:39.607Z","campaign":"gob.brasil","id":"b12a2a79d57ef8427a6245ab4646b5d7811ac15b"},{"inclusion":"www.google.com","Date_prototype_getTimezoneOffset":"1","screen_availWidth":"1","screen_width":"1","href":"http://www.rj.gov.br/","promiseId":"0968de14eeafd1fb628ddb5e75b67c34d4dcda6a","version":2,"VP":"HK","when":"2018-04-27T00:00:00.000Z","acquired":"2018-04-27T03:07:39.607Z","campaign":"gob.brasil","id":"b12a2a79d57ef8427a6245ab4646b5d7811ac15b"},{"inclusion":"www.fgts.gov.br","navigator_platform":"1","navigator_userAgent":"7","screen_width":"1","window_localStorage":"7","window_sessionStorage":"7","href":"http://www.fgts.gov.br/","promiseId":"2059771e32c3dc57292f508d3dcafb6220e9c37b","version":2,"VP":"HK","when":"2018-04-27T00:00:00.000Z","acquired":"2018-04-27T03:07:39.477Z","campaign":"gob.brasil","id":"b2ea697423ec454642455538d08e0b202516156b"},{"inclusion":"az416426.vo.msecnd.net","navigator_userAgent":"2","window_localStorage":"4","window_sessionStorage":"17","href":"http://www.fgts.gov.br/","promiseId":"2059771e32c3dc57292f508d3dcafb6220e9c37b","version":2,"VP":"HK","when":"2018-04-27T00:00:00.000Z","acquired":"2018-04-27T03:07:39.477Z","campaign":"gob.brasil","id":"b2ea697423ec454642455538d08e0b202516156b"},{"inclusion":"ew.caixa.gov.br","navigator_platform":"2","navigator_userAgent":"3","screen_width":"1","href":"http://www.fgts.gov.br/","promiseId":"2059771e32c3dc57292f508d3dcafb6220e9c37b","version":2,"VP":"HK","when":"2018-04-27T00:00:00.000Z","acquired":"2018-04-27T03:07:39.477Z","campaign":"gob.brasil","id":"b2ea697423ec454642455538d08e0b202516156b"},{"inclusion":"browser-update.org","navigator_languages":"2","navigator_userAgent":"1","href":"https://logincidadao.rs.gov.br/login","promiseId":"b572cdfc016236de4223f1d09077413c50012360","version":2,"VP":"HK","when":"2018-04-27T00:00:00.000Z","acquired":"2018-04-27T03:07:28.191Z","campaign":"gob.brasil","id":"0292a3e5ceea8e42051d2541d9e96a2a70e1498c"},{"inclusion":"logincidadao.rs.gov.br","navigator_userAgent":"1","href":"https://logincidadao.rs.gov.br/login","promiseId":"b572cdfc016236de4223f1d09077413c50012360","version":2,"VP":"HK","when":"2018-04-27T00:00:00.000Z","acquired":"2018-04-27T03:07:28.191Z","campaign":"gob.brasil","id":"0292a3e5ceea8e42051d2541d9e96a2a70e1498c"},{"inclusion":"www.google-analytics.com","navigator_language":"1","navigator_plugins":"1","navigator_userAgent":"2","screen_colorDepth":"1","screen_width":"1","href":"https://logincidadao.rs.gov.br/login","promiseId":"b572cdfc016236de4223f1d09077413c50012360","version":2,"VP":"HK","when":"2018-04-27T00:00:00.000Z","acquired":"2018-04-27T03:07:28.191Z","campaign":"gob.brasil","id":"0292a3e5ceea8e42051d2541d9e96a2a70e1498c"},{"inclusion":"www.google-analytics.com","navigator_language":"2","navigator_plugins":"2","navigator_userAgent":"3","screen_colorDepth":"2","screen_width":"2","href":"http://www.saopaulo.sp.gov.br/","promiseId":"9870ddbb19d3fba3e365ad74260330db277a635e","version":2,"VP":"HK","when":"2018-04-27T00:00:00.000Z","acquired":"2018-04-27T03:07:26.699Z","campaign":"gob.brasil","id":"cc30615fbd981392ff3505f9ec683a8d8a54650b"},{"inclusion":"www.saopaulo.sp.gov.br","window_sessionStorage":"1","href":"http://www.saopaulo.sp.gov.br/","promiseId":"9870ddbb19d3fba3e365ad74260330db277a635e","version":2,"VP":"HK","when":"2018-04-27T00:00:00.000Z","acquired":"2018-04-27T03:07:26.699Z","campaign":"gob.brasil","id":"cc30615fbd981392ff3505f9ec683a8d8a54650b"},{"inclusion":"www.nfp.fazenda.sp.gov.br","Date_prototype_getTimezoneOffset":"3","navigator_cpuClass":"1","navigator_hardwareConcurrency":"1","navigator_language":"2","navigator_maxTouchPoints":"2","navigator_platform":"3","navigator_plugins":"7","navigator_userAgent":"12","screen_availWidth":"1","screen_colorDepth":"1","screen_width":"3","window_WebGLRenderingContext_prototype_createBuffer":"3","window_devicePixelRatio":"1","window_indexedDB":"1","window_localStorage":"2","window_sessionStorage":"2","href":"http://www.nfp.fazenda.sp.gov.br/","promiseId":"418c205415ae778a3bdccf7974fbd8c2470f280b","version":2,"VP":"HK","when":"2018-04-27T00:00:00.000Z","acquired":"2018-04-27T03:07:20.804Z","campaign":"gob.brasil","id":"736324fee81aad7bf5aa27dba55c02f31f8f9e7b"},{"inclusion":"www.detran.pb.gov.br","navigator_platform":"1","navigator_plugins":"2","navigator_userAgent":"9","window_indexedDB":"1","window_localStorage":"2","window_openDatabase":"1","window_sessionStorage":"2","href":"http://www.detran.pb.gov.br/index.php/consultar-veiculos.html","promiseId":"3d5bbd1f11048a0bb3419c888eecbeb0df5eaafd","version":2,"VP":"HK","when":"2018-04-27T00:00:00.000Z","acquired":"2018-04-27T01:29:33.271Z","campaign":"gob.brasil","id":"a8cd66cf284397c458055d9243a613b73372739b"},{"inclusion":"www.jucesponline.sp.gov.br","navigator_userAgent":"4","href":"https://www.jucesponline.sp.gov.br","promiseId":"85084f217979ea6fedf8efe7aa8641d7c9345075","version":2,"VP":"HK","when":"2018-04-27T00:00:00.000Z","acquired":"2018-04-27T01:29:30.500Z","campaign":"gob.brasil","id":"8e5fb68403387575938884c7b9b8d877f430e2d1"},{"inclusion":"www.detran.ac.gov.br","navigator_userAgent":"1","href":"https://www.detran.ac.gov.br/site/apps/veiculo/consulta/filtro-consulta-veiculo.jsp","promiseId":"8c58650589178837215448f99e33aaef12132ab7","version":2,"VP":"HK","when":"2018-04-27T00:00:00.000Z","acquired":"2018-04-27T01:29:30.257Z","campaign":"gob.brasil","id":"e6c677a7403de9c78e7548dca2f7771c9d935277"},{"inclusion":"nfe.portoalegre.rs.gov.br","navigator_platform":"1","navigator_plugins":"2","navigator_userAgent":"20","href":"https://nfe.portoalegre.rs.gov.br/","promiseId":"dd4415fb3a667fcb15c4c43728eeb6b6ae8fa4fa","version":2,"VP":"WS","when":"2018-04-27T00:00:00.000Z","acquired":"2018-04-27T01:28:51.036Z","campaign":"gob.brasil","id":"a1729fdd38d0a3bbaf8fb1eeaeb11d5ab07a7b4f"},{"inclusion":"get.webpkiplugin.com","navigator_userAgent":"1","href":"https://nfe.portoalegre.rs.gov.br/","promiseId":"dd4415fb3a667fcb15c4c43728eeb6b6ae8fa4fa","version":2,"VP":"WS","when":"2018-04-27T00:00:00.000Z","acquired":"2018-04-27T01:28:51.036Z","campaign":"gob.brasil","id":"a1729fdd38d0a3bbaf8fb1eeaeb11d5ab07a7b4f"},{"inclusion":"www.ipva.fazenda.sp.gov.br","navigator_userAgent":"4","href":"https://www.ipva.fazenda.sp.gov.br/IPVANET_Consulta/Consulta.aspx","promiseId":"c1280caa6fb66e95dd8b96feb9749f80ee5c2db0","version":2,"VP":"WS","when":"2018-04-27T00:00:00.000Z","acquired":"2018-04-27T01:28:48.202Z","campaign":"gob.brasil","id":"8fd411330bf10b38097ee6ce43094979f74a36a2"},{"inclusion":"az416426.vo.msecnd.net","navigator_userAgent":"2","window_localStorage":"4","window_sessionStorage":"12","href":"https://www.ipva.fazenda.sp.gov.br/IPVANET_Consulta/Consulta.aspx","promiseId":"c1280caa6fb66e95dd8b96feb9749f80ee5c2db0","version":2,"VP":"WS","when":"2018-04-27T00:00:00.000Z","acquired":"2018-04-27T01:28:48.202Z","campaign":"gob.brasil","id":"8fd411330bf10b38097ee6ce43094979f74a36a2"},{"inclusion":"undefined","window_localStorage":"1","href":"https://nfg.sefaz.rs.gov.br/Cadastro/CadastroNfg_2.aspx","promiseId":"922a3ef38af8a7af499a45ea1bbba2348016a309","version":2,"VP":"HK","when":"2018-04-27T00:00:00.000Z","acquired":"2018-04-27T01:27:30.367Z","campaign":"gob.brasil","id":"ca655d6d9ad5dba7d6c791aec4f3bce10b753311"},{"inclusion":"www.tudofacil.rs.gov.br","navigator_userAgent":"1","window_indexedDB":"1","window_localStorage":"2","window_openDatabase":"1","window_sessionStorage":"2","href":"https://www.tudofacil.rs.gov.br/","promiseId":"045316205de18748ee263d739c39275a57156e9c","version":2,"VP":"HK","when":"2018-04-27T00:00:00.000Z","acquired":"2018-04-27T01:27:30.285Z","campaign":"gob.brasil","id":"8415b4f8659536dc0cd8897fbe7190f9ba69156c"},{"inclusion":"www.tudofacil.rs.gov.br","navigator_userAgent":"2","window_indexedDB":"1","window_localStorage":"2","window_openDatabase":"1","window_sessionStorage":"2","href":"https://www.tudofacil.rs.gov.br/servico/602/inss-extrato-de-pagamento-de-beneficio","promiseId":"0297183185f66b9b530455dc296546b18b783f7b","version":2,"VP":"HK","when":"2018-04-27T00:00:00.000Z","acquired":"2018-04-27T01:27:30.268Z","campaign":"gob.brasil","id":"7f68d165c7df755ebbe5a3dcc98bd58265e5d3d1"},{"inclusion":"www.google-analytics.com","navigator_language":"1","navigator_plugins":"1","navigator_userAgent":"3","screen_colorDepth":"1","screen_width":"1","href":"https://www.tudofacil.rs.gov.br/servico/602/inss-extrato-de-pagamento-de-beneficio","promiseId":"0297183185f66b9b530455dc296546b18b783f7b","version":2,"VP":"HK","when":"2018-04-27T00:00:00.000Z","acquired":"2018-04-27T01:27:30.268Z","campaign":"gob.brasil","id":"7f68d165c7df755ebbe5a3dcc98bd58265e5d3d1"},{"inclusion":"piwik.rs.gov.br","navigator_platform":"2","navigator_userAgent":"4","screen_width":"1","window_devicePixelRatio":"1","href":"https://www.tudofacil.rs.gov.br/servico/602/inss-extrato-de-pagamento-de-beneficio","promiseId":"0297183185f66b9b530455dc296546b18b783f7b","version":2,"VP":"HK","when":"2018-04-27T00:00:00.000Z","acquired":"2018-04-27T01:27:30.268Z","campaign":"gob.brasil","id":"7f68d165c7df755ebbe5a3dcc98bd58265e5d3d1"},{"inclusion":"undefined","window_localStorage":"1","href":"http://www.notaparana.pr.gov.br/","promiseId":"c776b65c12c52ffad8bcf864f73c7d68541cf22d","version":2,"VP":"HK","when":"2018-04-27T00:00:00.000Z","acquired":"2018-04-27T01:27:30.180Z","campaign":"gob.brasil","id":"a9517ee4f4e9a93cb73a86c2dbab9f7dafe2315f"},{"inclusion":"www.gstatic.com","navigator_userAgent":"1","href":"https://www.sefaz.rs.gov.br/sat/CertidaoSitFiscalSolic.aspx","promiseId":"5d3683afd565c51875f2575b3fac97e128058402","version":2,"VP":"HK","when":"2018-04-27T00:00:00.000Z","acquired":"2018-04-27T01:27:30.120Z","campaign":"gob.brasil","id":"27c3adb91f0faf650da3a0174e274a53d0e32f2f"},{"inclusion":"www.sefaz.rs.gov.br","navigator_userAgent":"2","href":"https://www.sefaz.rs.gov.br/sat/CertidaoSitFiscalSolic.aspx","promiseId":"5d3683afd565c51875f2575b3fac97e128058402","version":2,"VP":"HK","when":"2018-04-27T00:00:00.000Z","acquired":"2018-04-27T01:27:30.120Z","campaign":"gob.brasil","id":"27c3adb91f0faf650da3a0174e274a53d0e32f2f"},{"inclusion":"ssl.google-analytics.com","navigator_language":"1","navigator_platform":"1","navigator_plugins":"1","navigator_userAgent":"11","screen_colorDepth":"1","screen_width":"1","href":"https://www.sefaz.rs.gov.br/sat/CertidaoSitFiscalSolic.aspx","promiseId":"5d3683afd565c51875f2575b3fac97e128058402","version":2,"VP":"HK","when":"2018-04-27T00:00:00.000Z","acquired":"2018-04-27T01:27:30.120Z","campaign":"gob.brasil","id":"27c3adb91f0faf650da3a0174e274a53d0e32f2f"},{"inclusion":"www2.portoalegre.rs.gov.br","navigator_userAgent":"1","href":"http://www.proconpoa.rs.gov.br/default.php?p_secao=30","promiseId":"e8cf826f2586a61c176a7e777b792bbc7e0c370f","version":2,"VP":"HK","when":"2018-04-27T00:00:00.000Z","acquired":"2018-04-27T01:27:26.027Z","campaign":"gob.brasil","id":"991a0c267203ba183d38e9426ba378a2903f875b"},{"inclusion":"www.google-analytics.com","navigator_language":"1","navigator_platform":"1","navigator_userAgent":"9","screen_colorDepth":"1","screen_width":"1","href":"http://www.proconpoa.rs.gov.br/default.php?p_secao=30","promiseId":"e8cf826f2586a61c176a7e777b792bbc7e0c370f","version":2,"VP":"HK","when":"2018-04-27T00:00:00.000Z","acquired":"2018-04-27T01:27:26.027Z","campaign":"gob.brasil","id":"991a0c267203ba183d38e9426ba378a2903f875b"},{"inclusion":"www.google-analytics.com","navigator_language":"1","navigator_plugins":"1","navigator_userAgent":"2","screen_colorDepth":"1","screen_width":"1","href":"http://www.caixa.gov.br/programas-sociais/bolsa-familia/Paginas/default.aspx","promiseId":"357ce11f202ec755a46c2516f589a73f1e03ddca","version":2,"VP":"HK","when":"2018-04-27T00:00:00.000Z","acquired":"2018-04-27T01:25:40.332Z","campaign":"gob.brasil","id":"925cd30e0e55f2fc76a2678f3311c77974118ead"},{"inclusion":"www.caixa.gov.br","navigator_platform":"1","navigator_userAgent":"7","screen_width":"1","window_localStorage":"9","window_sessionStorage":"7","href":"http://www.caixa.gov.br/programas-sociais/bolsa-familia/Paginas/default.aspx","promiseId":"357ce11f202ec755a46c2516f589a73f1e03ddca","version":2,"VP":"HK","when":"2018-04-27T00:00:00.000Z","acquired":"2018-04-27T01:25:40.332Z","campaign":"gob.brasil","id":"925cd30e0e55f2fc76a2678f3311c77974118ead"},{"inclusion":"ew.caixa.gov.br","navigator_platform":"2","navigator_userAgent":"3","screen_width":"1","href":"http://www.caixa.gov.br/programas-sociais/bolsa-familia/Paginas/default.aspx","promiseId":"357ce11f202ec755a46c2516f589a73f1e03ddca","version":2,"VP":"HK","when":"2018-04-27T00:00:00.000Z","acquired":"2018-04-27T01:25:40.332Z","campaign":"gob.brasil","id":"925cd30e0e55f2fc76a2678f3311c77974118ead"},{"inclusion":"www.caixa.gov.br","navigator_platform":"1","navigator_userAgent":"7","screen_width":"1","window_localStorage":"9","window_sessionStorage":"7","href":"http://www.caixa.gov.br/","promiseId":"891838a4601d1622536f994deb2953cc339c6c25","version":2,"VP":"HK","when":"2018-04-27T00:00:00.000Z","acquired":"2018-04-27T01:25:37.092Z","campaign":"gob.brasil","id":"fe80de33b54d4097db508b05b323404894402ef6"},{"inclusion":"ew.caixa.gov.br","navigator_platform":"2","navigator_userAgent":"3","screen_width":"1","href":"http://www.caixa.gov.br/","promiseId":"891838a4601d1622536f994deb2953cc339c6c25","version":2,"VP":"HK","when":"2018-04-27T00:00:00.000Z","acquired":"2018-04-27T01:25:37.092Z","campaign":"gob.brasil","id":"fe80de33b54d4097db508b05b323404894402ef6"},{"inclusion":"www.google-analytics.com","navigator_language":"1","navigator_plugins":"1","navigator_userAgent":"2","screen_colorDepth":"1","screen_width":"1","href":"http://www.caixa.gov.br/","promiseId":"891838a4601d1622536f994deb2953cc339c6c25","version":2,"VP":"HK","when":"2018-04-27T00:00:00.000Z","acquired":"2018-04-27T01:25:37.092Z","campaign":"gob.brasil","id":"fe80de33b54d4097db508b05b323404894402ef6"},{"inclusion":"d.tailtarget.com","window_sessionStorage":"1","href":"http://www.caixa.gov.br/","promiseId":"891838a4601d1622536f994deb2953cc339c6c25","version":2,"VP":"HK","when":"2018-04-27T00:00:00.000Z","acquired":"2018-04-27T01:25:37.092Z","campaign":"gob.brasil","id":"fe80de33b54d4097db508b05b323404894402ef6"},{"inclusion":"connect.facebook.net","screen_width":"1","href":"http://www.caixa.gov.br/","promiseId":"891838a4601d1622536f994deb2953cc339c6c25","version":2,"VP":"HK","when":"2018-04-27T00:00:00.000Z","acquired":"2018-04-27T01:25:37.092Z","campaign":"gob.brasil","id":"fe80de33b54d4097db508b05b323404894402ef6"},{"inclusion":"www.youtube.com","Date_prototype_getTimezoneOffset":"1","navigator_plugins":"6","navigator_userAgent":"5","screen_availWidth":"1","screen_colorDepth":"1","screen_width":"1","window_devicePixelRatio":"10","window_localStorage":"4","window_sessionStorage":"1","href":"http://idg.receita.fazenda.gov.br/","promiseId":"6f092fa06c998bf2e561ac9a4f62876b06b27fdb","version":2,"VP":"HK","when":"2018-04-27T00:00:00.000Z","acquired":"2018-04-27T01:25:36.431Z","campaign":"gob.brasil","id":"a63f2e332d018199718a3c7ab9e1577f10427ca8"},{"inclusion":"www.google.com","Date_prototype_getTimezoneOffset":"1","screen_availWidth":"1","screen_width":"1","href":"http://idg.receita.fazenda.gov.br/","promiseId":"6f092fa06c998bf2e561ac9a4f62876b06b27fdb","version":2,"VP":"HK","when":"2018-04-27T00:00:00.000Z","acquired":"2018-04-27T01:25:36.431Z","campaign":"gob.brasil","id":"a63f2e332d018199718a3c7ab9e1577f10427ca8"},{"inclusion":"salic.cultura.gov.br","navigator_userAgent":"5","href":"http://salic.cultura.gov.br/","promiseId":"02bc23c739a5662ac12f0e4bb3219b8ed9ab7e29","version":2,"VP":"HK","when":"2018-04-27T00:00:00.000Z","acquired":"2018-04-27T01:25:27.495Z","campaign":"gob.brasil","id":"eace03774f14662c08cfc36c8220f6e86f1d24ab"},{"inclusion":"analise.cultura.gov.br","navigator_platform":"2","navigator_userAgent":"3","screen_width":"1","href":"http://salic.cultura.gov.br/","promiseId":"02bc23c739a5662ac12f0e4bb3219b8ed9ab7e29","version":2,"VP":"HK","when":"2018-04-27T00:00:00.000Z","acquired":"2018-04-27T01:25:27.495Z","campaign":"gob.brasil","id":"eace03774f14662c08cfc36c8220f6e86f1d24ab"},{"inclusion":"www.google-analytics.com","navigator_language":"1","navigator_platform":"1","navigator_plugins":"1","navigator_userAgent":"11","screen_colorDepth":"1","screen_width":"1","href":"http://mec.gov.br/","promiseId":"589ef1e375ca025336dfddb47d23a16f2c0dd616","version":2,"VP":"HK","when":"2018-04-27T00:00:00.000Z","acquired":"2018-04-27T01:25:24.844Z","campaign":"gob.brasil","id":"ceae5a5430a8044fdb57c2ee08e86e99cafff5ac"}]