[{"inclusion":"maps.googleapis.com","navigator_userAgent":"5","window_devicePixelRatio":"10","href":"https://www.transantiago.cl","promiseId":"6352e444de2f0f61693d7ddfdfb0bba7bcee94d1","version":2,"VP":"HK","when":"2018-04-27T00:00:00.000Z","acquired":"2018-04-27T02:51:39.188Z","campaign":"gob.chile","id":"d36d5824802455466ee9f37877ae081b38093ad3"},{"inclusion":"www.google-analytics.com","navigator_language":"1","navigator_plugins":"1","navigator_userAgent":"3","screen_colorDepth":"1","screen_width":"1","href":"https://www.transantiago.cl","promiseId":"6352e444de2f0f61693d7ddfdfb0bba7bcee94d1","version":2,"VP":"HK","when":"2018-04-27T00:00:00.000Z","acquired":"2018-04-27T02:51:39.188Z","campaign":"gob.chile","id":"d36d5824802455466ee9f37877ae081b38093ad3"},{"inclusion":"www.transantiago.cl","navigator_userAgent":"1","screen_availWidth":"2","href":"https://www.transantiago.cl","promiseId":"6352e444de2f0f61693d7ddfdfb0bba7bcee94d1","version":2,"VP":"HK","when":"2018-04-27T00:00:00.000Z","acquired":"2018-04-27T02:51:39.188Z","campaign":"gob.chile","id":"d36d5824802455466ee9f37877ae081b38093ad3"},{"inclusion":"www.gstatic.com","navigator_userAgent":"1","href":"https://www.fonasa.cl","promiseId":"50aab1c65b3bfa4c63088420cb7ffd5caf21e745","version":2,"VP":"HK","when":"2018-04-27T00:00:00.000Z","acquired":"2018-04-27T02:51:37.317Z","campaign":"gob.chile","id":"8941ddab0d979ca4ec338dfbfe69999a8bce427e"},{"inclusion":"www.googleadservices.com","Date_prototype_getTimezoneOffset":"2","navigator_plugins":"2","navigator_userAgent":"1","screen_availWidth":"1","screen_colorDepth":"1","screen_width":"1","href":"https://www.fonasa.cl","promiseId":"50aab1c65b3bfa4c63088420cb7ffd5caf21e745","version":2,"VP":"HK","when":"2018-04-27T00:00:00.000Z","acquired":"2018-04-27T02:51:37.317Z","campaign":"gob.chile","id":"8941ddab0d979ca4ec338dfbfe69999a8bce427e"},{"inclusion":"www.google-analytics.com","navigator_language":"2","navigator_plugins":"2","navigator_userAgent":"3","screen_colorDepth":"2","screen_width":"2","href":"https://www.srcei.cl","promiseId":"91426fb43d8bc9480f5b869023e6e65793d2c31c","version":2,"VP":"HK","when":"2018-04-27T00:00:00.000Z","acquired":"2018-04-27T02:51:34.709Z","campaign":"gob.chile","id":"6c4814c19f7c128d2e9d384bf0e99809514b23c5"},{"inclusion":"registrocivilwp.srcei.cl","navigator_userAgent":"3","href":"https://www.srcei.cl","promiseId":"91426fb43d8bc9480f5b869023e6e65793d2c31c","version":2,"VP":"HK","when":"2018-04-27T00:00:00.000Z","acquired":"2018-04-27T02:51:34.709Z","campaign":"gob.chile","id":"6c4814c19f7c128d2e9d384bf0e99809514b23c5"},{"inclusion":"homer.sii.cl","navigator_userAgent":"2","window_localStorage":"2","href":"http://homer.sii.cl","promiseId":"72cf97c8c904b49140308dc88b1215bc7845031d","version":2,"VP":"HK","when":"2018-04-27T00:00:00.000Z","acquired":"2018-04-27T02:51:27.102Z","campaign":"gob.chile","id":"f8e8bc5e268f2f9f9d66777474c523a54436ca4a"},{"inclusion":"connect.facebook.net","navigator_userAgent":"3","href":"https://www.mineduc.cl","promiseId":"f2ef9de0896a2f27241463b4284b3d84706fb9d5","version":2,"VP":"WS","when":"2018-04-27T00:00:00.000Z","acquired":"2018-04-27T01:01:43.567Z","campaign":"gob.chile","id":"2bd060ad663755ca668a2afd75c987b66366692a"},{"inclusion":"platform.twitter.com","navigator_userAgent":"2","screen_width":"1","href":"https://www.mineduc.cl","promiseId":"f2ef9de0896a2f27241463b4284b3d84706fb9d5","version":2,"VP":"WS","when":"2018-04-27T00:00:00.000Z","acquired":"2018-04-27T01:01:43.567Z","campaign":"gob.chile","id":"2bd060ad663755ca668a2afd75c987b66366692a"},{"inclusion":"www.google-analytics.com","navigator_language":"1","navigator_plugins":"1","navigator_userAgent":"3","screen_colorDepth":"1","screen_width":"1","href":"https://www.mineduc.cl","promiseId":"f2ef9de0896a2f27241463b4284b3d84706fb9d5","version":2,"VP":"WS","when":"2018-04-27T00:00:00.000Z","acquired":"2018-04-27T01:01:43.567Z","campaign":"gob.chile","id":"2bd060ad663755ca668a2afd75c987b66366692a"},{"inclusion":"www.mineduc.cl","navigator_platform":"2","navigator_userAgent":"3","href":"https://www.mineduc.cl","promiseId":"f2ef9de0896a2f27241463b4284b3d84706fb9d5","version":2,"VP":"WS","when":"2018-04-27T00:00:00.000Z","acquired":"2018-04-27T01:01:43.567Z","campaign":"gob.chile","id":"2bd060ad663755ca668a2afd75c987b66366692a"},{"inclusion":"www.gstatic.com","navigator_userAgent":"1","href":"https://www.fonasa.cl","promiseId":"7f2b58c13ef4a5a11293b0bfac7f8f3b9bbd0415","version":2,"VP":"HK","when":"2018-03-27T00:00:00.000Z","acquired":"2018-03-27T01:03:35.852Z","campaign":"gob.chile","id":"6befd5868eb86406263d1ba512317476f174780a"},{"inclusion":"www.googleadservices.com","Date_prototype_getTimezoneOffset":"2","navigator_plugins":"2","navigator_userAgent":"1","screen_availWidth":"1","screen_colorDepth":"1","screen_width":"1","href":"https://www.fonasa.cl","promiseId":"7f2b58c13ef4a5a11293b0bfac7f8f3b9bbd0415","version":2,"VP":"HK","when":"2018-03-27T00:00:00.000Z","acquired":"2018-03-27T01:03:35.852Z","campaign":"gob.chile","id":"6befd5868eb86406263d1ba512317476f174780a"},{"inclusion":"www.google.com","navigator_platform":"1","navigator_userAgent":"3","href":"https://www.fonasa.cl","promiseId":"7f2b58c13ef4a5a11293b0bfac7f8f3b9bbd0415","version":2,"VP":"HK","when":"2018-03-27T00:00:00.000Z","acquired":"2018-03-27T01:03:35.852Z","campaign":"gob.chile","id":"6befd5868eb86406263d1ba512317476f174780a"},{"inclusion":"www.fonasa.cl","navigator_platform":"4","navigator_userAgent":"19","window_indexedDB":"1","window_localStorage":"2","window_openDatabase":"1","window_sessionStorage":"2","href":"https://www.fonasa.cl","promiseId":"7f2b58c13ef4a5a11293b0bfac7f8f3b9bbd0415","version":2,"VP":"HK","when":"2018-03-27T00:00:00.000Z","acquired":"2018-03-27T01:03:35.852Z","campaign":"gob.chile","id":"6befd5868eb86406263d1ba512317476f174780a"},{"inclusion":"www.google-analytics.com","navigator_language":"1","navigator_plugins":"1","navigator_userAgent":"3","screen_colorDepth":"1","screen_width":"1","href":"https://www.fonasa.cl","promiseId":"7f2b58c13ef4a5a11293b0bfac7f8f3b9bbd0415","version":2,"VP":"HK","when":"2018-03-27T00:00:00.000Z","acquired":"2018-03-27T01:03:35.852Z","campaign":"gob.chile","id":"6befd5868eb86406263d1ba512317476f174780a"},{"inclusion":"undefined","window_localStorage":"4","href":"https://www.mineduc.cl","promiseId":"aa054a95761864a35619a18d7768b0d292e0e057","version":2,"VP":"HK","when":"2018-03-27T00:00:00.000Z","acquired":"2018-03-27T01:03:34.612Z","campaign":"gob.chile","id":"a1d34dd15b66ab5b17a9d3e55d9b4a9fce272a61"},{"inclusion":"platform.twitter.com","window_localStorage":"6","href":"https://www.mineduc.cl","promiseId":"aa054a95761864a35619a18d7768b0d292e0e057","version":2,"VP":"HK","when":"2018-03-27T00:00:00.000Z","acquired":"2018-03-27T01:03:34.612Z","campaign":"gob.chile","id":"a1d34dd15b66ab5b17a9d3e55d9b4a9fce272a61"},{"inclusion":"www.google-analytics.com","navigator_language":"1","navigator_plugins":"1","navigator_userAgent":"3","screen_colorDepth":"1","screen_width":"1","href":"https://www.transantiago.cl","promiseId":"5a3532a46658828dabe095bfac58b79f54490b32","version":2,"VP":"HK","when":"2018-03-27T00:00:00.000Z","acquired":"2018-03-27T01:03:33.196Z","campaign":"gob.chile","id":"ab5fdbefb674d7592576d0ecd774944a1ed87a98"},{"inclusion":"maps.googleapis.com","navigator_userAgent":"5","window_devicePixelRatio":"10","href":"https://www.transantiago.cl","promiseId":"5a3532a46658828dabe095bfac58b79f54490b32","version":2,"VP":"HK","when":"2018-03-27T00:00:00.000Z","acquired":"2018-03-27T01:03:33.196Z","campaign":"gob.chile","id":"ab5fdbefb674d7592576d0ecd774944a1ed87a98"},{"inclusion":"registrocivilwp.srcei.cl","navigator_userAgent":"3","href":"https://www.srcei.cl","promiseId":"d1917f0e277968642885ec84da9745e30bbe4ef3","version":2,"VP":"HK","when":"2018-03-27T00:00:00.000Z","acquired":"2018-03-27T01:03:32.519Z","campaign":"gob.chile","id":"5f0bcfdd569d0e5e34cb44b5815515f98fcd9bb8"},{"inclusion":"www.google-analytics.com","navigator_language":"2","navigator_plugins":"2","navigator_userAgent":"3","screen_colorDepth":"2","screen_width":"2","href":"https://www.srcei.cl","promiseId":"d1917f0e277968642885ec84da9745e30bbe4ef3","version":2,"VP":"HK","when":"2018-03-27T00:00:00.000Z","acquired":"2018-03-27T01:03:32.519Z","campaign":"gob.chile","id":"5f0bcfdd569d0e5e34cb44b5815515f98fcd9bb8"},{"inclusion":"homer.sii.cl","navigator_userAgent":"2","window_localStorage":"2","href":"http://homer.sii.cl","promiseId":"08fd2b3eea166b1073121e403ffab896a021a317","version":2,"VP":"HK","when":"2018-03-27T00:00:00.000Z","acquired":"2018-03-27T01:03:23.716Z","campaign":"gob.chile","id":"fdace56577f5a0b0a7fbf381598d367e054e0b4f"}]