[{"inclusion":"www.imbanaco.com","navigator_userAgent":"5","href":"http://www.imbanaco.com/","promiseId":"44a1f0178154547247cb0993ba62ad428a145d9c","version":2,"VP":"HK","when":"2018-04-27T00:00:00.000Z","acquired":"2018-04-27T02:59:40.581Z","campaign":"clinics-CO","id":"fc0eba0bd24ef7d622e8c6f75266f1405cf477f4"},{"inclusion":"unpkg.com","navigator_userAgent":"4","href":"http://www.imbanaco.com/","promiseId":"44a1f0178154547247cb0993ba62ad428a145d9c","version":2,"VP":"HK","when":"2018-04-27T00:00:00.000Z","acquired":"2018-04-27T02:59:40.581Z","campaign":"clinics-CO","id":"fc0eba0bd24ef7d622e8c6f75266f1405cf477f4"},{"inclusion":"www.gstatic.com","navigator_userAgent":"1","href":"http://www.imbanaco.com/","promiseId":"44a1f0178154547247cb0993ba62ad428a145d9c","version":2,"VP":"HK","when":"2018-04-27T00:00:00.000Z","acquired":"2018-04-27T02:59:40.581Z","campaign":"clinics-CO","id":"fc0eba0bd24ef7d622e8c6f75266f1405cf477f4"},{"inclusion":"www.google-analytics.com","navigator_language":"1","navigator_platform":"1","navigator_plugins":"1","navigator_userAgent":"11","screen_colorDepth":"1","screen_width":"1","href":"http://www.imbanaco.com/","promiseId":"44a1f0178154547247cb0993ba62ad428a145d9c","version":2,"VP":"HK","when":"2018-04-27T00:00:00.000Z","acquired":"2018-04-27T02:59:40.581Z","campaign":"clinics-CO","id":"fc0eba0bd24ef7d622e8c6f75266f1405cf477f4"},{"inclusion":"www.google-analytics.com","navigator_language":"1","navigator_platform":"1","navigator_plugins":"1","navigator_userAgent":"11","screen_colorDepth":"1","screen_width":"1","href":"http://hospitaluniversitario.sanvicentefundacion.com/servicios-medicos","promiseId":"362152703671dd88f0f7f21faede8e1f90a41226","version":2,"VP":"HK","when":"2018-04-27T00:00:00.000Z","acquired":"2018-04-27T02:59:40.547Z","campaign":"clinics-CO","id":"8d5eb812edb3268283116a1d17caf9c740096e9d"},{"inclusion":"platform.twitter.com","navigator_userAgent":"2","screen_width":"1","href":"http://hospitaluniversitario.sanvicentefundacion.com/servicios-medicos","promiseId":"362152703671dd88f0f7f21faede8e1f90a41226","version":2,"VP":"HK","when":"2018-04-27T00:00:00.000Z","acquired":"2018-04-27T02:59:40.547Z","campaign":"clinics-CO","id":"8d5eb812edb3268283116a1d17caf9c740096e9d"},{"inclusion":"platform.linkedin.com","navigator_userAgent":"3","window_devicePixelRatio":"2","href":"http://hospitaluniversitario.sanvicentefundacion.com/servicios-medicos","promiseId":"362152703671dd88f0f7f21faede8e1f90a41226","version":2,"VP":"HK","when":"2018-04-27T00:00:00.000Z","acquired":"2018-04-27T02:59:40.547Z","campaign":"clinics-CO","id":"8d5eb812edb3268283116a1d17caf9c740096e9d"},{"inclusion":"hospitaluniversitario.sanvicentefundacion.com","navigator_platform":"1","navigator_plugins":"1","navigator_userAgent":"4","window_devicePixelRatio":"1","window_indexedDB":"1","window_localStorage":"2","window_openDatabase":"1","window_sessionStorage":"2","href":"http://hospitaluniversitario.sanvicentefundacion.com/servicios-medicos","promiseId":"362152703671dd88f0f7f21faede8e1f90a41226","version":2,"VP":"HK","when":"2018-04-27T00:00:00.000Z","acquired":"2018-04-27T02:59:40.547Z","campaign":"clinics-CO","id":"8d5eb812edb3268283116a1d17caf9c740096e9d"},{"inclusion":"connect.facebook.net","navigator_userAgent":"3","href":"http://hospitaluniversitario.sanvicentefundacion.com/servicios-medicos","promiseId":"362152703671dd88f0f7f21faede8e1f90a41226","version":2,"VP":"HK","when":"2018-04-27T00:00:00.000Z","acquired":"2018-04-27T02:59:40.547Z","campaign":"clinics-CO","id":"8d5eb812edb3268283116a1d17caf9c740096e9d"},{"inclusion":"www.google-analytics.com","navigator_language":"1","navigator_plugins":"1","navigator_userAgent":"3","screen_colorDepth":"1","screen_width":"1","href":"http://www.cardioinfantil.org/index.php/apoyo-diagnostico-ambulatorio-172/laboratorio-clinico","promiseId":"82a98ed8cf40df877f1e78f56365e11232820357","version":2,"VP":"HK","when":"2018-04-27T00:00:00.000Z","acquired":"2018-04-27T02:59:40.512Z","campaign":"clinics-CO","id":"6847a583cbb03834ddf286a65e74e7e020f4d51f"},{"inclusion":"www.cardioinfantil.org","navigator_platform":"2","navigator_plugins":"2","navigator_userAgent":"5","href":"http://www.cardioinfantil.org/index.php/apoyo-diagnostico-ambulatorio-172/laboratorio-clinico","promiseId":"82a98ed8cf40df877f1e78f56365e11232820357","version":2,"VP":"HK","when":"2018-04-27T00:00:00.000Z","acquired":"2018-04-27T02:59:40.512Z","campaign":"clinics-CO","id":"6847a583cbb03834ddf286a65e74e7e020f4d51f"},{"inclusion":"platform.twitter.com","navigator_userAgent":"2","screen_width":"1","href":"http://www.cardioinfantil.org/index.php/apoyo-diagnostico-ambulatorio-172/laboratorio-clinico","promiseId":"82a98ed8cf40df877f1e78f56365e11232820357","version":2,"VP":"HK","when":"2018-04-27T00:00:00.000Z","acquired":"2018-04-27T02:59:40.512Z","campaign":"clinics-CO","id":"6847a583cbb03834ddf286a65e74e7e020f4d51f"},{"inclusion":"apis.google.com","navigator_userAgent":"5","screen_width":"1","window_sessionStorage":"2","href":"http://www.cardioinfantil.org/index.php/apoyo-diagnostico-ambulatorio-172/laboratorio-clinico","promiseId":"82a98ed8cf40df877f1e78f56365e11232820357","version":2,"VP":"HK","when":"2018-04-27T00:00:00.000Z","acquired":"2018-04-27T02:59:40.512Z","campaign":"clinics-CO","id":"6847a583cbb03834ddf286a65e74e7e020f4d51f"},{"inclusion":"connect.facebook.net","navigator_userAgent":"3","href":"http://www.cardioinfantil.org/index.php/apoyo-diagnostico-ambulatorio-172/laboratorio-clinico","promiseId":"82a98ed8cf40df877f1e78f56365e11232820357","version":2,"VP":"HK","when":"2018-04-27T00:00:00.000Z","acquired":"2018-04-27T02:59:40.512Z","campaign":"clinics-CO","id":"6847a583cbb03834ddf286a65e74e7e020f4d51f"},{"inclusion":"www.clinicadelcountry.com","window_devicePixelRatio":"1","href":"http://www.clinicadelcountry.com/","promiseId":"c7fa339a0270392ae9735d58e8eccb53b0979437","version":2,"VP":"HK","when":"2018-04-27T00:00:00.000Z","acquired":"2018-04-27T02:59:37.634Z","campaign":"clinics-CO","id":"956bd84becc0cc90bc362a6951e9a808828fe0e6"},{"inclusion":"code.createjs.com","navigator_userAgent":"1","href":"http://www.clinicadelcountry.com/","promiseId":"c7fa339a0270392ae9735d58e8eccb53b0979437","version":2,"VP":"HK","when":"2018-04-27T00:00:00.000Z","acquired":"2018-04-27T02:59:37.634Z","campaign":"clinics-CO","id":"956bd84becc0cc90bc362a6951e9a808828fe0e6"},{"inclusion":"www.shaio.org","navigator_userAgent":"3","href":"https://www.shaio.org/pacientes-y-familia","promiseId":"3fee99a4d0847f501a2fa3d7edaa42116239eb90","version":2,"VP":"HK","when":"2018-04-27T00:00:00.000Z","acquired":"2018-04-27T02:59:37.516Z","campaign":"clinics-CO","id":"d5379f40305ae9f611a4811d01e766128efcc485"},{"inclusion":"script.hotjar.com","Date_prototype_getTimezoneOffset":"1","navigator_cpuClass":"1","navigator_doNotTrack":"2","navigator_language":"2","navigator_languages":"2","navigator_maxTouchPoints":"1","navigator_platform":"3","navigator_plugins":"7","navigator_userAgent":"12","screen_availWidth":"1","screen_colorDepth":"1","screen_width":"1","window_indexedDB":"1","window_localStorage":"3","window_openDatabase":"1","window_sessionStorage":"6","href":"https://www.shaio.org/pacientes-y-familia","promiseId":"3fee99a4d0847f501a2fa3d7edaa42116239eb90","version":2,"VP":"HK","when":"2018-04-27T00:00:00.000Z","acquired":"2018-04-27T02:59:37.516Z","campaign":"clinics-CO","id":"d5379f40305ae9f611a4811d01e766128efcc485"},{"inclusion":"www.google-analytics.com","navigator_language":"3","navigator_plugins":"3","navigator_userAgent":"3","screen_colorDepth":"3","screen_width":"3","href":"https://www.shaio.org/pacientes-y-familia","promiseId":"3fee99a4d0847f501a2fa3d7edaa42116239eb90","version":2,"VP":"HK","when":"2018-04-27T00:00:00.000Z","acquired":"2018-04-27T02:59:37.516Z","campaign":"clinics-CO","id":"d5379f40305ae9f611a4811d01e766128efcc485"},{"inclusion":"www.google-analytics.com","navigator_language":"1","navigator_plugins":"1","navigator_userAgent":"3","screen_colorDepth":"1","screen_width":"1","href":"https://www.hptu.org.co/","promiseId":"6ff546969747bbc1168311e1369c876a1f0073a4","version":2,"VP":"HK","when":"2018-04-27T00:00:00.000Z","acquired":"2018-04-27T02:59:36.943Z","campaign":"clinics-CO","id":"f4daaff55eb15c04faa8e7c0ad66bab8e6554bb1"},{"inclusion":"www.hptu.org.co","navigator_userAgent":"95","window_indexedDB":"1","window_localStorage":"2","window_openDatabase":"1","window_sessionStorage":"2","href":"https://www.hptu.org.co/","promiseId":"6ff546969747bbc1168311e1369c876a1f0073a4","version":2,"VP":"HK","when":"2018-04-27T00:00:00.000Z","acquired":"2018-04-27T02:59:36.943Z","campaign":"clinics-CO","id":"f4daaff55eb15c04faa8e7c0ad66bab8e6554bb1"},{"inclusion":"www.fcv.org","navigator_userAgent":"2","href":"http://www.fcv.org/site/","promiseId":"eb804fac547a3ea87c2d6553a07956d203bfdfb4","version":2,"VP":"HK","when":"2018-04-27T00:00:00.000Z","acquired":"2018-04-27T01:15:33.519Z","campaign":"clinics-CO","id":"a83084291dbc823cdc1753acaf05d730fd950e99"},{"inclusion":"www.google-analytics.com","navigator_language":"1","navigator_plugins":"1","navigator_userAgent":"3","screen_colorDepth":"1","screen_width":"1","href":"http://www.fcv.org/site/","promiseId":"eb804fac547a3ea87c2d6553a07956d203bfdfb4","version":2,"VP":"HK","when":"2018-04-27T00:00:00.000Z","acquired":"2018-04-27T01:15:33.519Z","campaign":"clinics-CO","id":"a83084291dbc823cdc1753acaf05d730fd950e99"},{"inclusion":"undefined","navigator_userAgent":"1","href":"http://www.fsfb.org.co/wps/portal/fsfb/inicio/servicioensalud/","promiseId":"62bb692bfdd5af3d1338fe350c83610fdc5a400a","version":2,"VP":"HK","when":"2018-04-27T00:00:00.000Z","acquired":"2018-04-27T01:13:54.469Z","campaign":"clinics-CO","id":"fad30b4799cf637e0b002062d07e8a8094919d4e"},{"inclusion":"www.fsfb.org.co","Date_prototype_getTimezoneOffset":"13","navigator_userAgent":"8","screen_availWidth":"1","screen_width":"1","window_localStorage":"2","window_sessionStorage":"1","href":"http://www.fsfb.org.co/wps/portal/fsfb/inicio/servicioensalud/","promiseId":"62bb692bfdd5af3d1338fe350c83610fdc5a400a","version":2,"VP":"HK","when":"2018-04-27T00:00:00.000Z","acquired":"2018-04-27T01:13:54.469Z","campaign":"clinics-CO","id":"fad30b4799cf637e0b002062d07e8a8094919d4e"},{"inclusion":"www.google-analytics.com","navigator_language":"1","navigator_plugins":"1","navigator_userAgent":"3","screen_colorDepth":"1","screen_width":"1","href":"http://www.fsfb.org.co/wps/portal/fsfb/inicio/servicioensalud/","promiseId":"62bb692bfdd5af3d1338fe350c83610fdc5a400a","version":2,"VP":"HK","when":"2018-04-27T00:00:00.000Z","acquired":"2018-04-27T01:13:54.469Z","campaign":"clinics-CO","id":"fad30b4799cf637e0b002062d07e8a8094919d4e"},{"inclusion":"www.pasteurlab.com","navigator_platform":"1","navigator_plugins":"1","navigator_userAgent":"8","href":"http://www.pasteurlab.com/","promiseId":"f38804ff444536dc8fbb60676f9703f64eaa07bc","version":2,"VP":"HK","when":"2018-04-27T00:00:00.000Z","acquired":"2018-04-27T01:13:31.764Z","campaign":"clinics-CO","id":"ae99c3642bd099e758c1a135131c42498025a904"}]