[{"inclusion":"www.google-analytics.com","navigator_language":"1","navigator_plugins":"1","navigator_userAgent":"3","screen_colorDepth":"1","screen_width":"1","href":"https://www.clinicabupasantiago.cl/","promiseId":"5c05af0ac8f947924b421501cdcd3bb203936fcc","version":2,"VP":"WS","when":"2018-04-27T00:00:00.000Z","acquired":"2018-04-27T03:13:51.643Z","campaign":"clinics-CL","id":"e47edcf9daffcbbd4534ed46e3fc123ce1ea9d58"},{"inclusion":"www.clinicabupasantiago.cl","navigator_userAgent":"3","href":"https://www.clinicabupasantiago.cl/","promiseId":"5c05af0ac8f947924b421501cdcd3bb203936fcc","version":2,"VP":"WS","when":"2018-04-27T00:00:00.000Z","acquired":"2018-04-27T03:13:51.643Z","campaign":"clinics-CL","id":"e47edcf9daffcbbd4534ed46e3fc123ce1ea9d58"},{"inclusion":"maps.gstatic.com","navigator_userAgent":"5","window_devicePixelRatio":"2","href":"http://www.clinicalircay.cl/","promiseId":"338acc81fe3264c79cdd9797482611a15a255af5","version":2,"VP":"HK","when":"2018-04-27T00:00:00.000Z","acquired":"2018-04-27T03:03:35.131Z","campaign":"clinics-CL","id":"cc99793e70545a8113867728f91bfd9301e0b9fe"},{"inclusion":"undefined","window_localStorage":"1","href":"http://www.clinicalircay.cl/","promiseId":"338acc81fe3264c79cdd9797482611a15a255af5","version":2,"VP":"HK","when":"2018-04-27T00:00:00.000Z","acquired":"2018-04-27T03:03:35.131Z","campaign":"clinics-CL","id":"cc99793e70545a8113867728f91bfd9301e0b9fe"},{"inclusion":"maps.googleapis.com","navigator_maxTouchPoints":"1","navigator_userAgent":"5","window_devicePixelRatio":"3","href":"http://www.clinicalircay.cl/","promiseId":"338acc81fe3264c79cdd9797482611a15a255af5","version":2,"VP":"HK","when":"2018-04-27T00:00:00.000Z","acquired":"2018-04-27T03:03:35.131Z","campaign":"clinics-CL","id":"cc99793e70545a8113867728f91bfd9301e0b9fe"},{"inclusion":"undefined","window_localStorage":"1","href":"http://www.hospitaldeltrabajador.cl/ht/Comunidad/Paginas/home.aspx","promiseId":"ecda744b07e416c00549d5da892337ec8097b89f","version":2,"VP":"HK","when":"2018-04-27T00:00:00.000Z","acquired":"2018-04-27T03:03:34.729Z","campaign":"clinics-CL","id":"d39c515f14d62d05eca5b28d8c9710f9d4b3a2d7"},{"inclusion":"maps.googleapis.com","navigator_maxTouchPoints":"1","navigator_userAgent":"5","window_devicePixelRatio":"3","href":"http://www.hospitaldeltrabajador.cl/ht/Comunidad/Paginas/home.aspx","promiseId":"ecda744b07e416c00549d5da892337ec8097b89f","version":2,"VP":"HK","when":"2018-04-27T00:00:00.000Z","acquired":"2018-04-27T03:03:34.729Z","campaign":"clinics-CL","id":"d39c515f14d62d05eca5b28d8c9710f9d4b3a2d7"},{"inclusion":"maps.gstatic.com","navigator_userAgent":"5","window_devicePixelRatio":"2","href":"http://www.hospitaldeltrabajador.cl/ht/Comunidad/Paginas/home.aspx","promiseId":"ecda744b07e416c00549d5da892337ec8097b89f","version":2,"VP":"HK","when":"2018-04-27T00:00:00.000Z","acquired":"2018-04-27T03:03:34.729Z","campaign":"clinics-CL","id":"d39c515f14d62d05eca5b28d8c9710f9d4b3a2d7"},{"inclusion":"www.clinicasantamaria.cl","navigator_userAgent":"25","window_indexedDB":"1","window_localStorage":"2","window_openDatabase":"1","window_sessionStorage":"2","href":"http://www.clinicasantamaria.cl/","promiseId":"a2df628ba8798e65ff1793446d7dfe0205df78ec","version":2,"VP":"HK","when":"2018-04-27T00:00:00.000Z","acquired":"2018-04-27T03:01:36.190Z","campaign":"clinics-CL","id":"a6e7e2ba4dd867f913e6b58e2817657b27f7305d"},{"inclusion":"www.google-analytics.com","navigator_language":"1","navigator_plugins":"1","navigator_userAgent":"3","screen_colorDepth":"1","screen_width":"1","href":"http://www.clinicasantamaria.cl/","promiseId":"a2df628ba8798e65ff1793446d7dfe0205df78ec","version":2,"VP":"HK","when":"2018-04-27T00:00:00.000Z","acquired":"2018-04-27T03:01:36.190Z","campaign":"clinics-CL","id":"a6e7e2ba4dd867f913e6b58e2817657b27f7305d"},{"inclusion":"www.googleadservices.com","Date_prototype_getTimezoneOffset":"2","navigator_plugins":"2","navigator_userAgent":"1","screen_availWidth":"1","screen_colorDepth":"1","screen_width":"1","href":"https://www.clinicalascondes.cl/HOME","promiseId":"5c68f25141629349449826c6559a1e3c2161cf54","version":2,"VP":"HK","when":"2018-04-27T00:00:00.000Z","acquired":"2018-04-27T01:19:43.363Z","campaign":"clinics-CL","id":"2b790e0d57b66b810c526fa4f70c5fc1294daf2f"},{"inclusion":"www.google-analytics.com","navigator_language":"1","navigator_plugins":"1","navigator_userAgent":"3","screen_colorDepth":"1","screen_width":"1","href":"http://redsalud.uc.cl/ucchristus/Hospital/ClinicaUC/","promiseId":"c405d3be9933c8e47be087bdd42c6b4628122ae5","version":2,"VP":"HK","when":"2018-04-27T00:00:00.000Z","acquired":"2018-04-27T01:19:37.304Z","campaign":"clinics-CL","id":"dddceba1867f68d114e7200d9602b6b539e80dd5"},{"inclusion":"redsalud.uc.cl","navigator_plugins":"1","navigator_userAgent":"5","window_CanvasRenderingContext2D_prototype_rect":"2","window_devicePixelRatio":"1","window_indexedDB":"2","window_localStorage":"2","window_sessionStorage":"2","href":"http://redsalud.uc.cl/ucchristus/Hospital/ClinicaUC/","promiseId":"c405d3be9933c8e47be087bdd42c6b4628122ae5","version":2,"VP":"HK","when":"2018-04-27T00:00:00.000Z","acquired":"2018-04-27T01:19:37.304Z","campaign":"clinics-CL","id":"dddceba1867f68d114e7200d9602b6b539e80dd5"},{"inclusion":"maps.googleapis.com","navigator_maxTouchPoints":"13","navigator_userAgent":"5","screen_width":"8","window_devicePixelRatio":"22","href":"http://redsalud.uc.cl/ucchristus/Hospital/ClinicaUC/","promiseId":"c405d3be9933c8e47be087bdd42c6b4628122ae5","version":2,"VP":"HK","when":"2018-04-27T00:00:00.000Z","acquired":"2018-04-27T01:19:37.304Z","campaign":"clinics-CL","id":"dddceba1867f68d114e7200d9602b6b539e80dd5"},{"inclusion":"www.clinicavespucio.cl","navigator_userAgent":"4","href":"http://www.clinicavespucio.cl/servicios-en-linea/reserva-de-horas/","promiseId":"38af848d5ecee715c723f9dd3f575bb2434d5336","version":2,"VP":"HK","when":"2018-04-27T00:00:00.000Z","acquired":"2018-04-27T01:19:37.191Z","campaign":"clinics-CL","id":"523b68300bf412904fef3a1f382de22269c0e6ae"},{"inclusion":"www.google-analytics.com","navigator_language":"1","navigator_plugins":"1","navigator_userAgent":"3","screen_colorDepth":"1","screen_width":"1","href":"http://www.clinicavespucio.cl/servicios-en-linea/reserva-de-horas/","promiseId":"38af848d5ecee715c723f9dd3f575bb2434d5336","version":2,"VP":"HK","when":"2018-04-27T00:00:00.000Z","acquired":"2018-04-27T01:19:37.191Z","campaign":"clinics-CL","id":"523b68300bf412904fef3a1f382de22269c0e6ae"},{"inclusion":"www.gstatic.com","navigator_userAgent":"1","href":"http://www.clinicavespucio.cl/servicios-en-linea/reserva-de-horas/","promiseId":"38af848d5ecee715c723f9dd3f575bb2434d5336","version":2,"VP":"HK","when":"2018-04-27T00:00:00.000Z","acquired":"2018-04-27T01:19:37.191Z","campaign":"clinics-CL","id":"523b68300bf412904fef3a1f382de22269c0e6ae"},{"inclusion":"ajax.googleapis.com","navigator_userAgent":"1","href":"http://www.clinicavespucio.cl/servicios-en-linea/reserva-de-horas/","promiseId":"38af848d5ecee715c723f9dd3f575bb2434d5336","version":2,"VP":"HK","when":"2018-04-27T00:00:00.000Z","acquired":"2018-04-27T01:19:37.191Z","campaign":"clinics-CL","id":"523b68300bf412904fef3a1f382de22269c0e6ae"},{"inclusion":"www.google-analytics.com","navigator_language":"1","navigator_plugins":"1","navigator_userAgent":"3","screen_colorDepth":"1","screen_width":"1","href":"http://www.chp.cl/web-chp/reserva-hora-clinica-chp.html","promiseId":"f404ee83e457e2ad9c52a2249cd304ff360aff34","version":2,"VP":"HK","when":"2018-04-27T00:00:00.000Z","acquired":"2018-04-27T01:19:32.614Z","campaign":"clinics-CL","id":"1a8b6c3f1721ad74ae2f143b0033aaefc1131afd"},{"inclusion":"www.chp.cl","window_indexedDB":"1","window_localStorage":"2","window_openDatabase":"1","window_sessionStorage":"2","href":"http://www.chp.cl/web-chp/reserva-hora-clinica-chp.html","promiseId":"f404ee83e457e2ad9c52a2249cd304ff360aff34","version":2,"VP":"HK","when":"2018-04-27T00:00:00.000Z","acquired":"2018-04-27T01:19:32.614Z","campaign":"clinics-CL","id":"1a8b6c3f1721ad74ae2f143b0033aaefc1131afd"},{"inclusion":"www.facebook.com","navigator_userAgent":"3","href":"http://www.clinicatabancura.cl/","promiseId":"18dfb8c938df00f7b7fba525aeeb96626b2697e4","version":2,"VP":"HK","when":"2018-04-27T00:00:00.000Z","acquired":"2018-04-27T01:19:32.295Z","campaign":"clinics-CL","id":"766c5fe1e11e68659f912b470528a11e93e9ce75"},{"inclusion":"undefined","window_localStorage":"1","href":"http://www.clinicatabancura.cl/","promiseId":"18dfb8c938df00f7b7fba525aeeb96626b2697e4","version":2,"VP":"HK","when":"2018-04-27T00:00:00.000Z","acquired":"2018-04-27T01:19:32.295Z","campaign":"clinics-CL","id":"766c5fe1e11e68659f912b470528a11e93e9ce75"},{"inclusion":"www.google-analytics.com","navigator_language":"1","navigator_plugins":"1","screen_colorDepth":"1","screen_width":"1","href":"http://www.clinicabicentenario.cl/cb/reserva-de-horas/","promiseId":"da59d0dbe9214d6c0742f2c6c0bb916691d5395a","version":2,"VP":"HK","when":"2018-04-27T00:00:00.000Z","acquired":"2018-04-27T01:18:02.288Z","campaign":"clinics-CL","id":"bcc99f73b36e8991c01cd1e41fa394367f05ba06"},{"inclusion":"aplicacionesweb.clinicabicentenario.cl","navigator_userAgent":"1","href":"http://www.clinicabicentenario.cl/cb/reserva-de-horas/","promiseId":"da59d0dbe9214d6c0742f2c6c0bb916691d5395a","version":2,"VP":"HK","when":"2018-04-27T00:00:00.000Z","acquired":"2018-04-27T01:18:02.288Z","campaign":"clinics-CL","id":"bcc99f73b36e8991c01cd1e41fa394367f05ba06"},{"inclusion":"www.alemana.cl","navigator_userAgent":"3","href":"https://portal.alemana.cl/wps/wcm/connect/internet/home","promiseId":"e9a15d5e3a585ad83df6cf6fca7efd87aa4f3d2e","version":2,"VP":"HK","when":"2018-04-27T00:00:00.000Z","acquired":"2018-04-27T01:17:41.268Z","campaign":"clinics-CL","id":"36b1625c16bc4e6e314cb8fa773a3b77a7d04c0e"},{"inclusion":"ajax.googleapis.com","navigator_userAgent":"1","href":"https://portal.alemana.cl/wps/wcm/connect/internet/home","promiseId":"e9a15d5e3a585ad83df6cf6fca7efd87aa4f3d2e","version":2,"VP":"HK","when":"2018-04-27T00:00:00.000Z","acquired":"2018-04-27T01:17:41.268Z","campaign":"clinics-CL","id":"36b1625c16bc4e6e314cb8fa773a3b77a7d04c0e"},{"inclusion":"www.google-analytics.com","navigator_language":"1","navigator_plugins":"1","navigator_userAgent":"3","screen_colorDepth":"1","screen_width":"1","href":"http://www.davila.cl/","promiseId":"145dca79bf992b9490766010f2037a6909cee387","version":2,"VP":"HK","when":"2018-04-27T00:00:00.000Z","acquired":"2018-04-27T01:17:33.520Z","campaign":"clinics-CL","id":"5202bb9a8ea607d76a6e28f64b775fa878817892"},{"inclusion":"undefined","window_localStorage":"1","href":"http://www.indisa.cl/indisaweb/index.php","promiseId":"b5d914c6c963372eb7e6f5acdda2a5ec6a323456","version":2,"VP":"HK","when":"2018-04-27T00:00:00.000Z","acquired":"2018-04-27T01:17:30.680Z","campaign":"clinics-CL","id":"a6e4cce8d99f3095e9d1d680a94383296c714d96"}]